M,true_shift_nm,true_dn_riu,mean_est_shift_nm,std_shift_nm,mean_est_dn_riu,std_dn_riu,crb_dn_riu
1,-0.2500,-1.2500e-03,-0.11922,0.97287,-5.9612e-04,4.8644e-03,4.9836e-03
1,-0.1250,-6.2500e-04,-0.09047,1.01889,-4.5236e-04,5.0944e-03,4.9836e-03
1,0.0750,3.7500e-04,0.10939,0.99427,5.4695e-04,4.9714e-03,4.9836e-03
1,0.1750,8.7500e-04,0.20454,1.01133,1.0227e-03,5.0566e-03,4.9836e-03
1,0.2500,1.2500e-03,0.37817,1.01733,1.8909e-03,5.0867e-03,4.9836e-03
16,-0.2500,-1.2500e-03,-0.15839,0.25915,-7.9197e-04,1.2958e-03,1.2884e-03
16,-0.1250,-6.2500e-04,-0.09822,0.26670,-4.9112e-04,1.3335e-03,1.2884e-03
16,0.0750,3.7500e-04,0.07800,0.25570,3.9001e-04,1.2785e-03,1.2884e-03
16,0.1750,8.7500e-04,0.20997,0.25832,1.0499e-03,1.2916e-03,1.2884e-03
16,0.2500,1.2500e-03,0.33634,0.25933,1.6817e-03,1.2966e-03,1.2884e-03
256,-0.2500,-1.2500e-03,-0.23447,0.08430,-1.1724e-03,4.2149e-04,4.2063e-04
256,-0.1250,-6.2500e-04,-0.12067,0.08621,-6.0334e-04,4.3105e-04,4.2063e-04
256,0.0750,3.7500e-04,0.07737,0.08658,3.8684e-04,4.3290e-04,4.2063e-04
256,0.1750,8.7500e-04,0.18180,0.08132,9.0900e-04,4.0658e-04,4.2063e-04
256,0.2500,1.2500e-03,0.26218,0.08366,1.3109e-03,4.1829e-04,4.2063e-04
2304,-0.2500,-1.2500e-03,-0.23903,0.07362,-1.1951e-03,3.6808e-04,3.6659e-04
2304,-0.1250,-6.2500e-04,-0.12217,0.07453,-6.1087e-04,3.7263e-04,3.6659e-04
2304,0.0750,3.7500e-04,0.07435,0.07507,3.7176e-04,3.7534e-04,3.6659e-04
2304,0.1750,8.7500e-04,0.17987,0.07185,8.9937e-04,3.5923e-04,3.6659e-04
2304,0.2500,1.2500e-03,0.25901,0.07244,1.2950e-03,3.6220e-04,3.6659e-04
