rank,pixel,x_um,y_um,mu_e,g_e_per_nm,F_per_nm2,crb_first_M_nm
1,1169,347.5,7.5,2310821.0,1825.5481,1.0066e+00,0.9967
2,1121,347.5,-12.5,2302484.0,1818.2350,1.0011e+00,0.7058
3,1170,367.5,7.5,2775752.4,1928.5400,9.8504e-01,0.5781
4,1122,367.5,-12.5,2765738.1,1920.7089,9.7965e-01,0.5017
5,1217,347.5,27.5,2253089.8,1774.9613,9.6846e-01,0.4499
6,1073,347.5,-32.5,2228791.5,1753.7084,9.5252e-01,0.4119
7,1168,327.5,7.5,1868962.7,1649.6661,9.4857e-01,0.3823
8,1218,367.5,27.5,2706406.6,1874.3773,9.4790e-01,0.3583
9,1120,327.5,-12.5,1862219.7,1643.1266,9.4328e-01,0.3384
10,1074,367.5,-32.5,2677219.9,1851.6271,9.3237e-01,0.3217
11,1216,327.5,27.5,1822269.9,1604.4262,9.1210e-01,0.3075
12,1184,647.5,7.5,1739357.3,-1573.6907,9.0405e-01,0.2951
13,1136,647.5,-12.5,1733083.4,-1568.5614,9.0022e-01,0.2842
14,1072,327.5,-32.5,1802617.5,1585.4164,8.9686e-01,0.2744
15,1265,347.5,47.5,2134190.6,1671.1870,8.9110e-01,0.2657
16,1183,627.5,7.5,2169885.6,-1679.8804,8.9025e-01,0.2577
17,1135,627.5,-12.5,2162058.6,-1674.5036,8.8675e-01,0.2504
18,1171,387.5,7.5,3239249.1,1933.8605,8.8219e-01,0.2438
19,1232,647.5,27.5,1695912.4,-1538.1307,8.7757e-01,0.2376
20,1123,387.5,-12.5,3227562.8,1925.8642,8.7733e-01,0.2320
21,1266,367.5,47.5,2563587.0,1763.3210,8.7252e-01,0.2267
22,1025,347.5,-52.5,2095968.7,1637.9486,8.6657e-01,0.2218
23,1088,647.5,-32.5,1677626.9,-1523.1349,8.6642e-01,0.2172
24,1231,627.5,27.5,2115686.2,-1642.5967,8.6598e-01,0.2129
25,1087,627.5,-32.5,2092874.4,-1626.8683,8.5574e-01,0.2089
26,1219,387.5,27.5,3158325.0,1878.5647,8.4866e-01,0.2052
27,1026,367.5,-52.5,2517675.3,1727.7660,8.4862e-01,0.2016
28,1185,667.5,7.5,1354558.4,-1405.7540,8.3928e-01,0.1982
29,1264,327.5,47.5,1726104.6,1511.5854,8.3815e-01,0.1950
30,1137,667.5,-12.5,1349672.6,-1401.1093,8.3548e-01,0.1920
31,1075,387.5,-32.5,3124265.1,1855.3453,8.3465e-01,0.1891
32,1167,307.5,7.5,1468531.3,1428.5475,8.2671e-01,0.1864
33,1280,647.5,47.5,1606435.5,-1464.5837,8.2297e-01,0.1838
34,1119,307.5,-12.5,1463233.0,1422.9318,8.2198e-01,0.1813
35,1279,627.5,47.5,2004060.1,-1565.4231,8.1575e-01,0.1789
36,1024,327.5,-52.5,1695190.8,1481.8384,8.1473e-01,0.1766
37,1233,667.5,27.5,1320725.4,-1373.5588,8.1296e-01,0.1744
38,1040,647.5,-52.5,1577671.5,-1440.8493,8.0540e-01,0.1723
39,1089,667.5,-32.5,1306485.5,-1359.9856,8.0190e-01,0.1703
40,1039,627.5,-52.5,1968175.9,-1540.5003,7.9953e-01,0.1684
41,1182,607.5,7.5,2629912.2,-1699.1393,7.9536e-01,0.1665
42,1215,307.5,27.5,1431842.1,1389.6950,7.9415e-01,0.1647
43,1134,607.5,-12.5,2620425.7,-1693.8379,7.9247e-01,0.1630
44,1313,347.5,67.5,1963950.1,1523.6184,7.8322e-01,0.1613
45,1267,387.5,47.5,2991659.2,1765.2573,7.8066e-01,0.1597
46,1071,307.5,-32.5,1416400.1,1373.3670,7.8056e-01,0.1581
47,1230,607.5,27.5,2564221.2,-1662.3672,7.7533e-01,0.1566
48,1314,367.5,67.5,2359096.7,1605.5306,7.6739e-01,0.1551
49,1086,607.5,-32.5,2536572.7,-1646.8464,7.6687e-01,0.1537
50,1027,387.5,-52.5,2938081.9,1729.0030,7.5911e-01,0.1524
51,1281,667.5,47.5,1251044.7,-1307.0104,7.5888e-01,0.1510
52,977,347.5,-72.5,1914884.8,1481.3220,7.5280e-01,0.1498
53,1328,647.5,67.5,1478320.1,-1358.5123,7.4468e-01,0.1485
54,1327,627.5,67.5,1844231.0,-1453.9695,7.4327e-01,0.1473
55,1041,667.5,-52.5,1228644.6,-1285.5461,7.4154e-01,0.1462
56,978,367.5,-72.5,2300160.2,1560.3353,7.3774e-01,0.1450
57,1312,327.5,67.5,1588414.7,1379.4770,7.3518e-01,0.1439
58,1278,607.5,47.5,2428927.7,-1586.1654,7.3373e-01,0.1428
59,1263,307.5,47.5,1356279.7,1309.9382,7.2824e-01,0.1418
60,991,627.5,-72.5,1798166.0,-1421.6266,7.2227e-01,0.1408
61,992,647.5,-72.5,1441395.3,-1327.7644,7.2211e-01,0.1398
62,1038,607.5,-52.5,2385435.3,-1561.5308,7.2026e-01,0.1388
63,1186,687.5,7.5,1024859.5,-1202.4561,7.1407e-01,0.1378
64,1172,407.5,7.5,3672465.2,1824.0589,7.1208e-01,0.1369
