M,crb_nm,crb_local_nm,rms_gls_predicted_nm,rms_gls_nm,rms_ols_nm,rms_gauss_newton_nm,max_abs_bias_gls_nm,crb_dn_riu,rms_gls_dn_riu
1,0.9967232114365177,5.57669469025219,1.0009713992664493,1.0064983086837973,1.0064983086837973,0.49398402868560587,0.13077665756838208,0.004983616057182588,0.005032491543418987
2,0.7057593558016618,3.9387153401515027,0.7117292273812401,0.7154320389561074,0.7154476789452747,0.4545550715478909,0.14491786990676805,0.003528796779008309,0.003577160194780537
4,0.5017378610688127,1.4270752100152766,0.5112481554014863,0.5095504414954903,0.5107624188418963,0.40300640059603254,0.1581745670534183,0.0025086893053440635,0.002547752207477452
8,0.3582921995522142,1.116457611465539,0.3708078185084552,0.37022096818544536,0.372321416072142,0.35030839854619367,0.14142621592529614,0.001791460997761071,0.0018511048409272268
16,0.25768406348177914,0.24269439248918945,0.26487349989876935,0.2665623868077693,0.2691868918376017,0.23301202133787383,0.09160629180107221,0.0012884203174088956,0.0013328119340388464
32,0.18639527250262958,0.15604633802473777,0.19127440716630198,0.19137943331873278,0.1956526723137144,0.17067937347210044,0.06589909449435122,0.0009319763625131479,0.0009568971665936638
64,0.13692234998614136,0.10902087729026144,0.13794480622817334,0.13934084374778882,0.14275770546738067,0.1228210075904383,0.026516188538344032,0.0006846117499307068,0.0006967042187389441
128,0.10399306489143063,0.08184369701315339,0.10442841197243997,0.10444523466052007,0.10850851253236804,0.08774115305863381,0.014946425651076872,0.0005199653244571531,0.0005222261733026003
256,0.08412642266754781,0.06453704640431654,0.08464281082103833,0.08495604226516476,0.0906199874221727,0.06758954757535819,0.015525308571519486,0.0004206321133377391,0.0004247802113258238
512,0.07509117060520028,0.05499234609393336,0.07535061964451066,0.07552580932411378,0.08167719841241945,0.05777739262838587,0.010283423441187711,0.0003754558530260014,0.0003776290466205689
1024,0.07335509509803531,0.05174716473137617,0.07363802272725431,0.073853895263179,0.08035125112118069,0.05475197335206367,0.010947260202660042,0.00036677547549017654,0.00036926947631589496
2048,0.07331775287752712,0.051507724769146515,0.07360108616478982,0.07380832143094321,0.08032155982326336,0.05453958392136613,0.010970358915922351,0.0003665887643876356,0.00036904160715471606
2304,0.07331775225159506,0.05150768382929525,0.07360108567250385,0.07380835725161002,0.08032158722723018,0.054540326657945164,0.010970672275046361,0.0003665887612579753,0.00036904178625805006
