c,resonance_shift_nm,I_A_over_I_A0,I_B_over_I_B0,R,delta_R,centroid_shift_nm
0.00,0.0000,1.00000000,1.00000000,-1.25017614e-02,0.00000000e+00,0.0000
0.25,0.6250,1.00099214,1.00035888,-1.21853943e-02,3.16367090e-04,-48.0061
0.50,1.2500,1.00330370,1.00204621,-1.18747884e-02,6.26973073e-04,-95.1607
0.75,1.8750,1.00690276,1.00503863,-1.15753635e-02,9.26397941e-04,-140.6408
1.00,2.5000,1.01174001,1.00929497,-1.12921370e-02,1.20962440e-03,-183.6835
1.25,3.1250,1.01774990,1.01475722,-1.10295571e-02,1.47220436e-03,-223.6120
1.50,3.7500,1.02485215,1.02135187,-1.07913712e-02,1.71039022e-03,-259.8550
1.75,4.3750,1.03295360,1.02899162,-1.05805363e-02,1.92122516e-03,-291.9609
2.00,5.0000,1.04195032,1.03757735,-1.03991711e-02,2.10259033e-03,-319.6053
